id,firstName,lastName,email,phone
1,Valentino,Dmitrievski,vdmitrievski0@cyberchimps.com,197-342-9235
2,Roderigo,Cullin,rcullin1@cbc.ca,216-394-1003
3,Baxy,Caulton,bcaulton2@netvibes.com,190-733-1608
4,Anthony,Kimmitt,akimmitt3@msn.com,866-119-7061
5,Zachary,Abrashkov,zabrashkov4@biblegateway.com,832-563-6834
6,Marybelle,Bremley,mbremley5@virginia.edu,826-961-3073
7,Sybil,Sculley,ssculley6@harvard.edu,269-573-2074
8,West,Ilewicz,wilewicz7@miitbeian.gov.cn,692-400-4134
9,Min,Tomaszkiewicz,mtomaszkiewicz8@google.co.uk,531-888-7677
10,Eadie,Jerrim,ejerrim9@vimeo.com,686-918-6401
11,Ulberto,Leither,uleithera@yolasite.com,530-488-8739
12,Dorree,Kenchington,dkenchingtonb@icio.us,649-857-4982
13,Una,Aberdeen,uaberdeenc@goo.gl,125-205-1038
14,Gabriellia,Pawelczyk,gpawelczykd@theglobeandmail.com,513-891-3857
15,Caprice,Parkey,cparkeye@devhub.com,476-435-1456
16,Carver,Sparwell,csparwellf@homestead.com,601-275-0717
17,Yolanda,Krauze,ykrauzeg@dmoz.org,736-461-5434
18,Audry,Ruby,arubyh@canalblog.com,281-430-7475
19,Gale,Manes,gmanesi@nps.gov,779-292-6146
20,Charlean,O'Meara,comearaj@creativecommons.org,348-558-7484
21,Rachele,Petren,rpetrenk@timesonline.co.uk,730-269-5900
22,Olag,Tuckerman,otuckermanl@rambler.ru,251-368-5145
23,Judie,Garey,jgareym@etsy.com,210-223-8238
24,Nerissa,Zotto,nzotton@arizona.edu,230-375-8561
25,Brenda,Kynsey,bkynseyo@narod.ru,848-994-5054
26,Daffy,Greenhalf,dgreenhalfp@vimeo.com,552-623-9975
27,Jenifer,Knee,jkneeq@posterous.com,144-959-0448
28,Libbi,Stovin,lstovinr@canalblog.com,409-707-9065
29,Sonnie,Oxbie,soxbies@mysql.com,854-971-2657
30,Melisenda,Krystof,mkrystoft@macromedia.com,117-453-4266
31,Riva,Gibb,rgibbu@arizona.edu,162-554-8449
32,Pincas,Allsopp,pallsoppv@ca.gov,221-544-2777
33,Cecelia,Ritchie,critchiew@shop-pro.jp,654-803-5556
34,Jeromy,Mildenhall,jmildenhallx@toplist.cz,138-279-6784
35,Evelin,Oris,eorisy@walmart.com,753-771-4176
36,Hilly,Lapwood,hlapwoodz@cbc.ca,987-589-3460
37,Brandais,Draisey,bdraisey10@yahoo.co.jp,654-506-1245
38,Cal,Gandy,cgandy11@skype.com,575-974-9911
39,Jenilee,Roon,jroon12@ycombinator.com,656-504-4374
40,Scarface,Oseman,soseman13@tinyurl.com,419-949-2401
41,Byram,Spleving,bspleving14@yahoo.co.jp,760-756-8506
42,Finn,Clohissy,fclohissy15@dot.gov,488-285-0341
43,Gage,Emanulsson,gemanulsson16@state.gov,251-373-7252
44,Diena,Garcia,dgarcia17@gnu.org,206-361-4251
45,Meredeth,Corse,mcorse18@dedecms.com,107-816-4574
46,Ivory,La Torre,ilatorre19@businesswire.com,398-213-2371
47,Marcellina,Lanyon,mlanyon1a@telegraph.co.uk,795-980-2456
48,Hank,Braham,hbraham1b@twitter.com,333-654-6521
49,Gustave,Dowry,gdowry1c@weather.com,935-195-3980
50,Hube,Biddy,hbiddy1d@economist.com,618-152-6764
51,Galen,Gillam,ggillam1e@soundcloud.com,201-452-2636
52,Gilles,Tessyman,gtessyman1f@ftc.gov,658-193-2706
53,Andree,Sheldrick,asheldrick1g@home.pl,387-599-7449
54,Sibella,Armfirld,sarmfirld1h@apache.org,209-129-3358
55,Adrianna,Trevascus,atrevascus1i@com.com,114-959-8357
56,Donnie,Huskinson,dhuskinson1j@who.int,719-347-7299
57,Fern,Gadsby,fgadsby1k@stumbleupon.com,454-426-2958
58,Fifine,Stile,fstile1l@multiply.com,897-959-1681
59,Cordelia,Shoutt,cshoutt1m@ox.ac.uk,109-432-7841
60,Liane,Maevela,lmaevela1n@cdbaby.com,370-584-1378
61,Chere,Mithan,cmithan1o@wufoo.com,594-709-6006
62,Palm,Entreis,pentreis1p@jigsy.com,326-990-8559
63,Brigitte,Warham,bwarham1q@skype.com,616-561-0977
64,Freeland,Pettet,fpettet1r@indiatimes.com,466-153-1944
65,Edvard,Scogin,escogin1s@cornell.edu,692-592-7800
66,Walden,Huckerbe,whuckerbe1t@mtv.com,646-994-6784
67,Lois,Branston,lbranston1u@statcounter.com,111-360-3739
68,Bird,Juleff,bjuleff1v@opensource.org,107-580-6473
69,Lenard,Cane,lcane1w@google.com.au,899-936-8801
70,Damiano,Manueli,dmanueli1x@istockphoto.com,815-618-9145
71,Corty,Sailor,csailor1y@nba.com,189-490-2391
72,Fleurette,Sleeman,fsleeman1z@amazon.co.jp,137-755-7223
73,Yetta,Winterson,ywinterson20@uol.com.br,341-211-3975
74,Gordy,Hacard,ghacard21@engadget.com,261-910-5333
75,Bentlee,Keam,bkeam22@umich.edu,668-468-7971
76,Harland,Gerard,hgerard23@redcross.org,471-854-8226
77,Sheree,McDuall,smcduall24@nsw.gov.au,691-522-2540
78,Conway,Philler,cphiller25@hhs.gov,594-814-5032
79,Denis,Berrill,dberrill26@quantcast.com,688-607-9256
80,Concordia,Ruspine,cruspine27@imgur.com,393-808-9066
81,Dennis,Mawby,dmawby28@photobucket.com,607-229-4258
82,Maynord,Cordeau],mcordeau29@shareasale.com,500-418-4899
83,Vance,Matyashev,vmatyashev2a@sun.com,471-632-2091
84,Mae,Jollands,mjollands2b@apple.com,641-848-1278
85,Kevin,Jurek,kjurek2c@youtu.be,298-930-2074
86,Bryant,Swann,bswann2d@ebay.co.uk,745-220-1687
87,Betsy,Bute,bbute2e@acquirethisname.com,835-102-8833
88,Mikaela,Pentony,mpentony2f@sina.com.cn,832-165-0569
89,Adora,Ringham,aringham2g@lycos.com,808-723-2313
90,Maurene,Ferrari,mferrari2h@facebook.com,803-608-3822
91,Yvon,Celle,ycelle2i@weibo.com,743-994-1238
92,Billy,Koppen,bkoppen2j@businesswire.com,654-122-6676
93,Ginnie,Jenoure,gjenoure2k@deviantart.com,854-172-0622
94,Kirsteni,Mullender,kmullender2l@domainmarket.com,414-488-2627
95,Lorelle,Allonby,lallonby2m@godaddy.com,430-710-6593
96,Pamelina,Fedder,pfedder2n@freewebs.com,813-865-2730
97,Bel,Warre,bwarre2o@arstechnica.com,315-368-5202
98,Thebault,Sisson,tsisson2p@deliciousdays.com,482-371-1760
99,Fredek,Awty,fawty2q@wix.com,345-221-8770
100,Blakeley,Guest,bguest2r@ucla.edu,641-213-2637
101,Bernie,Fright,bfright2s@joomla.org,735-945-2025
102,Eilis,Momford,emomford2t@feedburner.com,314-221-5648
103,Christen,Royden,croyden2u@skyrock.com,855-453-5308
104,Audrie,Bamsey,abamsey2v@scribd.com,417-926-7043
105,Atalanta,Scaddon,ascaddon2w@baidu.com,192-834-2305
106,Wake,Trundell,wtrundell2x@examiner.com,835-105-9499
107,Chas,Lammerding,clammerding2y@dailymotion.com,621-767-4652
108,Nedi,Sharrier,nsharrier2z@flavors.me,501-218-1057
109,Mattie,MacCrann,mmaccrann30@is.gd,653-129-8181
110,Yovonnda,Mattiussi,ymattiussi31@newsvine.com,480-616-3372
111,Frasquito,Boyland,fboyland32@bloglovin.com,142-324-6983
112,Keslie,Smitherman,ksmitherman33@cocolog-nifty.com,701-606-5329
113,Tedman,Jessope,tjessope34@washington.edu,552-192-0640
114,Alessandra,McGillivrie,amcgillivrie35@gizmodo.com,489-795-9886
115,Fallon,Rennels,frennels36@123-reg.co.uk,765-985-5723
116,Conan,Hune,chune37@ucsd.edu,304-787-0705
117,Esma,Ferbrache,eferbrache38@yale.edu,428-126-5378
118,Martelle,Bretherton,mbretherton39@alexa.com,925-172-7723
119,Karlotta,Schwand,kschwand3a@hhs.gov,526-437-4053
120,Viola,Upshall,vupshall3b@desdev.cn,935-607-9181
121,Petronella,Halfacre,phalfacre3c@buzzfeed.com,548-858-0549
122,Krystal,Seymark,kseymark3d@vimeo.com,842-345-2993
123,Clari,Ainsworth,cainsworth3e@washingtonpost.com,795-515-1749
124,Chandal,Custard,ccustard3f@newyorker.com,422-485-6564
125,Shay,Beushaw,sbeushaw3g@ihg.com,314-423-7066
126,Emilie,Deboo,edeboo3h@joomla.org,543-882-2499
127,Marylin,Melonby,mmelonby3i@infoseek.co.jp,343-659-3822
128,Barbara,Lesor,blesor3j@theglobeandmail.com,546-513-7954
129,Dallas,Jemmett,djemmett3k@latimes.com,429-577-2126
130,Bekki,Pietrzyk,bpietrzyk3l@umich.edu,105-925-1275
131,Idette,Vigers,ivigers3m@github.com,603-420-8431
132,Scarlet,Tessyman,stessyman3n@tuttocitta.it,624-237-5224
133,Chalmers,Batha,cbatha3o@bravesites.com,201-112-4047
134,Donny,Fredi,dfredi3p@army.mil,157-139-8256
135,Dorothee,Shervington,dshervington3q@psu.edu,827-365-5256
136,Catlee,Dast,cdast3r@vinaora.com,289-329-2871
137,Bernadene,Charrette,bcharrette3s@seattletimes.com,133-441-9222
138,Heall,Grigson,hgrigson3t@freewebs.com,167-650-6196
139,Judy,Pickin,jpickin3u@umn.edu,908-605-1546
140,Thorn,Hewell,thewell3v@java.com,108-514-4136
141,Oliy,Gullen,ogullen3w@kickstarter.com,358-723-2992
142,Maddy,Longrigg,mlongrigg3x@prweb.com,337-544-4042
143,Denice,Whittam,dwhittam3y@edublogs.org,380-754-8073
144,Toni,Addinall,taddinall3z@nymag.com,897-458-1205
145,Weber,Boleyn,wboleyn40@nsw.gov.au,491-500-2238
146,Jeanne,Willingham,jwillingham41@yelp.com,529-828-0507
147,Jermayne,Wollers,jwollers42@jalbum.net,121-177-8165
148,Troy,Morais,tmorais43@usgs.gov,523-611-8337
149,Dukie,Tuffield,dtuffield44@hugedomains.com,493-466-7984
150,Wilbert,Inold,winold45@networkadvertising.org,976-867-3703
151,Celestina,Kasbye,ckasbye46@godaddy.com,222-897-8807
152,Quinlan,Diable,qdiable47@army.mil,185-689-7796
153,Hilton,McKeran,hmckeran48@histats.com,224-941-3136
154,Elisa,Godier,egodier49@earthlink.net,335-936-2365
155,Grenville,Kendell,gkendell4a@youku.com,852-461-4045
156,Germana,Spires,gspires4b@51.la,130-568-8332
157,Augustina,Howie,ahowie4c@nba.com,560-972-9599
158,Meredith,Woodings,mwoodings4d@mayoclinic.com,187-910-7659
159,Patrizia,Alekseev,palekseev4e@aboutads.info,326-151-0906
160,Tallou,Bauckham,tbauckham4f@usatoday.com,627-496-2458
161,Neely,McGoogan,nmcgoogan4g@economist.com,173-209-4000
162,Galven,Presshaugh,gpresshaugh4h@feedburner.com,832-705-1301
163,Dennet,Phare,dphare4i@vk.com,644-193-5771
164,Terrijo,Wherton,twherton4j@jalbum.net,176-204-0259
165,Angy,Terron,aterron4k@networkadvertising.org,764-104-6248
166,Melinda,Hurley,mhurley4l@google.com.hk,524-265-2383
167,Sergei,Bradwell,sbradwell4m@fda.gov,686-541-4334
168,Chrysa,Mitham,cmitham4n@mapquest.com,482-133-4404
169,Greggory,Brameld,gbrameld4o@quantcast.com,427-761-8387
170,Dael,Hollidge,dhollidge4p@ca.gov,485-872-0053
171,Rivi,Ryland,rryland4q@issuu.com,501-451-6983
172,Meta,Bourner,mbourner4r@jimdo.com,856-237-7357
173,Donny,Davinet,ddavinet4s@wunderground.com,675-679-3695
174,Alaric,Waldrum,awaldrum4t@taobao.com,926-820-9136
175,Guinna,Christian,gchristian4u@theatlantic.com,582-184-5772
176,Beth,Kollas,bkollas4v@arizona.edu,828-281-6545
177,Remy,Gullberg,rgullberg4w@wsj.com,903-891-2629
178,Gianina,Braunton,gbraunton4x@domainmarket.com,794-648-8291
179,Mariska,Eskrigge,meskrigge4y@twitpic.com,831-726-0235
180,Blakelee,Attryde,battryde4z@wisc.edu,622-185-6773
181,Kamila,Fauning,kfauning50@elegantthemes.com,555-748-4215
182,Suzi,Temby,stemby51@indiatimes.com,697-774-3245
183,Chane,Bussey,cbussey52@a8.net,737-600-9769
184,Gustavus,Prosh,gprosh53@vinaora.com,605-352-0631
185,Clo,Wethered,cwethered54@dagondesign.com,588-843-1458
186,Eugine,Cordelet,ecordelet55@ask.com,197-646-5130
187,Briny,Mitie,bmitie56@google.de,433-300-6911
188,Eddie,Di Francesco,edifrancesco57@squarespace.com,711-154-0310
189,Elora,Macklin,emacklin58@g.co,314-939-0617
190,Christophorus,Dedrick,cdedrick59@amazon.de,302-432-6216
191,Hunter,Thurling,hthurling5a@answers.com,325-212-0486
192,Sherlocke,Creane,screane5b@amazonaws.com,529-760-9669
193,Manolo,Summerson,msummerson5c@facebook.com,307-687-0724
194,Liliane,McLelland,lmclelland5d@phoca.cz,313-850-8758
195,Ignazio,Redan,iredan5e@usa.gov,292-130-9681
196,Werner,Cranmere,wcranmere5f@reuters.com,345-375-4918
197,Bord,Heinritz,bheinritz5g@theguardian.com,946-359-5489
198,Sybyl,Thirlwall,sthirlwall5h@w3.org,551-232-0254
199,Fanechka,Omond,fomond5i@example.com,453-350-9794
200,Bentley,Annetts,bannetts5j@drupal.org,617-533-5899
201,Gustave,Kleinberer,gkleinberer5k@senate.gov,368-691-7182
202,Lurette,Morilla,lmorilla5l@dot.gov,315-208-4263
203,Onfroi,Digle,odigle5m@amazonaws.com,994-295-9694
204,Barnebas,Short,bshort5n@taobao.com,797-325-6493
205,Katleen,Negus,knegus5o@clickbank.net,391-498-1828
206,Augy,Pitrollo,apitrollo5p@tmall.com,766-521-2940
207,Tony,Lancastle,tlancastle5q@samsung.com,198-829-0716
208,Evie,Bilbie,ebilbie5r@opera.com,215-154-0409
209,Cull,Colyer,ccolyer5s@unc.edu,464-638-4639
210,Nester,Moreby,nmoreby5t@china.com.cn,942-140-5894
211,Lou,Webb,lwebb5u@reverbnation.com,430-814-1062
212,Kevyn,Burditt,kburditt5v@storify.com,625-938-8773
213,Raquela,Helliwell,rhelliwell5w@pcworld.com,916-995-6466
214,Lion,Sprouls,lsprouls5x@tinypic.com,677-494-4479
215,Marsha,Spaice,mspaice5y@usgs.gov,712-366-3118
216,Nobie,Westgate,nwestgate5z@de.vu,674-546-0914
217,Marthe,Seagar,mseagar60@bloglines.com,192-859-2124
218,Penelope,Cogger,pcogger61@patch.com,793-205-7235
219,Ulises,Sweeney,usweeney62@nps.gov,796-991-5932
220,Alexine,Coey,acoey63@sogou.com,533-142-7433
221,Georg,Stathor,gstathor64@icio.us,218-128-0238
222,Harri,Dudlestone,hdudlestone65@whitehouse.gov,241-839-7626
223,Chariot,Wiltshaw,cwiltshaw66@eventbrite.com,180-164-5566
224,Cordy,Birtle,cbirtle67@hao123.com,275-830-3687
225,Hubert,Bushrod,hbushrod68@theguardian.com,368-357-0805
226,Araldo,Triggol,atriggol69@zdnet.com,232-741-0380
227,Lelia,Baseley,lbaseley6a@usatoday.com,764-493-9795
228,Michell,Ravenhills,mravenhills6b@delicious.com,714-509-6078
229,Harriott,Tatlowe,htatlowe6c@cmu.edu,378-551-5378
230,Ettie,Doneld,edoneld6d@linkedin.com,591-597-1654
231,Gusti,Esberger,gesberger6e@ucla.edu,295-141-9706
232,Leicester,Quarles,lquarles6f@skype.com,641-621-2846
233,Lane,Avard,lavard6g@hud.gov,864-352-7561
234,Sharron,Sarfat,ssarfat6h@dropbox.com,660-752-0350
235,Wilie,Meriguet,wmeriguet6i@ustream.tv,708-916-5455
236,Genovera,Arnow,garnow6j@bing.com,691-765-8611
237,Louisa,Rann,lrann6k@behance.net,110-467-5013
238,Benny,Antonomolii,bantonomolii6l@narod.ru,526-995-4941
239,Shandie,Ilyasov,silyasov6m@google.de,263-719-6610
240,Huey,McClaren,hmcclaren6n@hao123.com,902-370-9577
241,Marylee,Gipp,mgipp6o@hostgator.com,811-337-7659
242,Jeth,Heaney,jheaney6p@amazon.co.jp,743-357-5422
243,Sigismondo,Sancho,ssancho6q@seattletimes.com,763-248-4783
244,Stormie,Delves,sdelves6r@amazon.com,204-446-9670
245,Jere,Knaggs,jknaggs6s@yandex.ru,413-799-8665
246,Tina,De Gregorio,tdegregorio6t@smh.com.au,172-163-0218
247,Bordy,Tilt,btilt6u@princeton.edu,210-546-7393
248,Clem,Grimsey,cgrimsey6v@state.tx.us,482-605-6503
249,Corly,Bazell,cbazell6w@reference.com,209-758-5045
250,Rivkah,Scorton,rscorton6x@ebay.co.uk,572-979-4302
251,Hobie,Fairebrother,hfairebrother6y@i2i.jp,510-699-5057
252,Demetria,Skittreal,dskittreal6z@cafepress.com,562-481-5392
253,Kaye,Shemwell,kshemwell70@nature.com,291-238-2631
254,Norbert,Lamasna,nlamasna71@google.es,799-468-6005
255,Thor,Mullis,tmullis72@paypal.com,521-242-4757
256,Zebulen,Scholling,zscholling73@google.ru,173-563-1286
257,Charlotta,Rosencwaig,crosencwaig74@sbwire.com,755-266-3247
258,Eran,Dearl,edearl75@netlog.com,115-945-0683
259,Noelyn,Yegorshin,nyegorshin76@yellowbook.com,150-200-3576
260,Bernice,Murdy,bmurdy77@cam.ac.uk,815-609-6775
261,Glenine,Lindro,glindro78@cnet.com,505-276-8816
262,Amalea,Fittall,afittall79@nationalgeographic.com,585-994-8273
263,Valaria,Olesen,volesen7a@nasa.gov,213-376-9487
264,Ansell,Scherme,ascherme7b@yelp.com,759-248-3354
265,Raffaello,Stackbridge,rstackbridge7c@xinhuanet.com,830-629-0893
266,Boyd,Snead,bsnead7d@adobe.com,959-512-8533
267,Dasi,Cordelette,dcordelette7e@ucoz.ru,998-609-8137
268,Dorolisa,Addyman,daddyman7f@jiathis.com,674-566-7298
269,Leon,Baggs,lbaggs7g@typepad.com,200-893-2481
270,Reuven,Scoles,rscoles7h@uol.com.br,929-746-5164
271,Sharai,Lorrimer,slorrimer7i@freewebs.com,460-642-7904
272,Schuyler,Clayhill,sclayhill7j@psu.edu,414-450-9784
273,Harland,Kingscott,hkingscott7k@aboutads.info,611-540-0628
274,Merola,Solomonides,msolomonides7l@archive.org,614-647-7510
275,Dare,Lightman,dlightman7m@wikimedia.org,805-543-3681
276,Zorah,Willes,zwilles7n@nytimes.com,368-676-8902
277,Estele,Lodford,elodford7o@google.ru,306-855-0865
278,Read,Coggin,rcoggin7p@umn.edu,938-235-0736
279,Jae,Bingle,jbingle7q@skype.com,764-348-6791
280,Maryrose,Gunning,mgunning7r@earthlink.net,380-271-8843
281,Cristal,Lodwig,clodwig7s@globo.com,192-108-9536
282,Conway,Zannotti,czannotti7t@arizona.edu,701-208-3349
283,Farand,Moorwood,fmoorwood7u@acquirethisname.com,484-938-1869
284,Pauli,Whebell,pwhebell7v@ca.gov,730-448-2400
285,Glenda,Cannon,gcannon7w@chronoengine.com,839-738-7052
286,Ware,Lathan,wlathan7x@youtu.be,338-561-8396
287,Bastian,Malley,bmalley7y@hatena.ne.jp,689-444-2409
288,Edwina,Ardern,eardern7z@dot.gov,542-177-9590
289,Trefor,Downgate,tdowngate80@virginia.edu,305-717-4510
290,Sharl,Wendover,swendover81@huffingtonpost.com,190-725-5287
291,Demetre,Maun,dmaun82@webnode.com,294-700-1089
292,Carny,Grasha,cgrasha83@sina.com.cn,276-544-4936
293,Scarlett,Gley,sgley84@moonfruit.com,737-653-3605
294,Shana,O'Cahill,socahill85@quantcast.com,499-595-4558
295,Janice,Varfalameev,jvarfalameev86@smugmug.com,629-352-5282
296,Maddi,Riddoch,mriddoch87@mapy.cz,697-921-3991
297,Berkie,Darwood,bdarwood88@berkeley.edu,717-322-0892
298,Lou,Sisselot,lsisselot89@de.vu,160-420-2274
299,Terrel,Rayner,trayner8a@ehow.com,866-728-8869
300,Rickie,Teggin,rteggin8b@ucoz.com,637-559-5594
301,Roxane,Zollner,rzollner8c@360.cn,828-203-3914
302,Shir,Murcutt,smurcutt8d@wikispaces.com,458-498-6290
303,Ode,McParlin,omcparlin8e@jigsy.com,871-877-2722
304,Aldous,Deaconson,adeaconson8f@forbes.com,692-349-4079
305,Vittoria,Richold,vrichold8g@usa.gov,418-286-2492
306,Dex,Trangmar,dtrangmar8h@icq.com,847-498-7840
307,Carol-jean,Limmer,climmer8i@ebay.com,404-922-4591
308,Niall,Reis,nreis8j@sun.com,228-280-0173
309,Rodie,Pattenden,rpattenden8k@hc360.com,373-195-9779
310,Brewster,Clohisey,bclohisey8l@apache.org,338-686-0999
311,Mira,Pugh,mpugh8m@vk.com,887-699-0973
312,Cordelie,Joscelin,cjoscelin8n@scribd.com,364-803-6422
313,Geoffry,Langstone,glangstone8o@cpanel.net,816-806-1898
314,Gweneth,Jerrolt,gjerrolt8p@wired.com,971-901-2002
315,Merwyn,Brunet,mbrunet8q@imgur.com,424-717-6666
316,Keen,Harden,kharden8r@smh.com.au,276-154-7903
317,Hershel,Gratland,hgratland8s@omniture.com,808-506-6948
318,Michele,Strotone,mstrotone8t@parallels.com,445-895-8188
319,Vivienne,Clitsome,vclitsome8u@skype.com,992-542-7511
320,Walden,Clyde,wclyde8v@i2i.jp,517-480-3378
321,Guthrie,Mariaud,gmariaud8w@acquirethisname.com,496-250-7573
322,Vally,Cordaroy,vcordaroy8x@dedecms.com,210-563-4838
323,Teriann,O'Crotty,tocrotty8y@last.fm,110-758-5739
324,Ailey,Durward,adurward8z@freewebs.com,874-434-2558
325,Sargent,Edelheit,sedelheit90@shutterfly.com,780-622-8666
326,Prissie,Kembley,pkembley91@tinyurl.com,632-489-0478
327,Bree,Durston,bdurston92@exblog.jp,467-453-4486
328,Keen,Riepl,kriepl93@google.co.uk,806-300-4126
329,Flem,Coughlan,fcoughlan94@163.com,825-563-1560
330,Ky,Bunn,kbunn95@businessinsider.com,467-386-7689
331,Tiffy,Sallinger,tsallinger96@about.com,590-468-6452
332,Juliane,Gillings,jgillings97@php.net,370-567-9658
333,Goddard,Parade,gparade98@nhs.uk,704-857-6565
334,Cirillo,Sywell,csywell99@ted.com,915-562-3372
335,Maxim,Scriven,mscriven9a@google.it,492-948-9058
336,Fulvia,Bleyman,fbleyman9b@reverbnation.com,469-232-5919
337,Lesli,Caulket,lcaulket9c@japanpost.jp,962-372-9429
338,Ingamar,Baelde,ibaelde9d@ning.com,471-367-9442
339,Sigfried,Petken,spetken9e@admin.ch,851-445-7823
340,Sharon,Powlesland,spowlesland9f@bloglines.com,365-482-2138
341,Jarrod,Rebert,jrebert9g@youku.com,560-920-6259
342,Vyky,Sebrens,vsebrens9h@1und1.de,349-112-2009
343,Geno,Woodger,gwoodger9i@senate.gov,382-104-5756
344,Christina,Fellgatt,cfellgatt9j@123-reg.co.uk,213-132-5981
345,Rice,Krzyzanowski,rkrzyzanowski9k@youtube.com,271-886-8988
346,Ian,Meletti,imeletti9l@omniture.com,367-535-5603
347,Gun,Albon,galbon9m@pbs.org,249-188-6756
348,Smitty,Cradoc,scradoc9n@booking.com,485-531-8585
349,Gerda,Dobbinson,gdobbinson9o@indiatimes.com,478-826-7435
350,Melinda,Baniard,mbaniard9p@ustream.tv,792-247-2961
351,Biron,Ovise,bovise9q@walmart.com,586-908-0435
352,Mallory,Shoute,mshoute9r@state.tx.us,222-380-1181
353,Gilemette,Reichhardt,greichhardt9s@sourceforge.net,526-942-2098
354,Ediva,Pollen,epollen9t@arstechnica.com,164-371-4345
355,Kaycee,Markwick,kmarkwick9u@yahoo.co.jp,800-815-1479
356,Gerardo,Inman,ginman9v@sciencedirect.com,361-454-3744
357,Ruy,Yeliashev,ryeliashev9w@behance.net,722-283-7018
358,Isabelle,Shitliff,ishitliff9x@google.com.br,987-374-1469
359,Kliment,Newcomb,knewcomb9y@naver.com,127-797-5497
360,Rosemaria,Ronald,rronald9z@theguardian.com,653-275-7644
361,Dianemarie,Duddy,dduddya0@tamu.edu,789-580-5149
362,Lorne,Diggons,ldiggonsa1@nasa.gov,949-417-4734
363,Linette,Tookill,ltookilla2@ifeng.com,936-848-8982
364,Kettie,Ratke,kratkea3@sohu.com,550-620-9159
365,Michael,De Souza,mdesouzaa4@tinypic.com,228-536-8242
366,Merrili,Bjerkan,mbjerkana5@cisco.com,484-509-9942
367,Kahlil,Boate,kboatea6@umn.edu,102-267-1239
368,Ethel,Walkling,ewalklinga7@blogspot.com,796-816-2540
369,Stillman,Titcombe,stitcombea8@twitpic.com,325-897-5439
370,Jarrid,Drinkall,jdrinkalla9@domainmarket.com,929-868-3682
371,Gena,Diggar,gdiggaraa@goo.gl,857-139-0783
372,Eberto,Arguile,earguileab@pbs.org,480-150-5851
373,Jelene,Morbey,jmorbeyac@nih.gov,527-814-7382
374,Borden,Mote,bmotead@reference.com,515-130-4872
375,Wendeline,Blezard,wblezardae@adobe.com,593-275-0510
376,Darelle,Atto,dattoaf@theglobeandmail.com,464-739-6283
377,Devlen,Pedley,dpedleyag@wordpress.org,621-440-9178
378,Charmain,McGinty,cmcgintyah@mlb.com,876-757-1074
379,Kesley,Follitt,kfollittai@upenn.edu,393-383-8207
380,Daron,Turbayne,dturbayneaj@google.co.uk,402-937-4965
381,Temple,Robillart,trobillartak@paypal.com,336-692-6200
382,Kary,Syphus,ksyphusal@github.com,901-184-2231
383,Thaddus,Brogi,tbrogiam@goodreads.com,251-755-1988
384,Carlyn,Casarini,ccasarinian@e-recht24.de,534-323-3440
385,Arman,Stollmeyer,astollmeyerao@furl.net,164-800-8574
386,Val,Spreckley,vspreckleyap@pcworld.com,396-668-1377
387,Bobbie,Dimitrie,bdimitrieaq@hud.gov,648-826-8043
388,Alfy,Gillison,agillisonar@marriott.com,175-886-8949
389,Joshuah,Bengough,jbengoughas@oracle.com,110-554-9976
390,Antons,Hastelow,ahastelowat@apple.com,920-493-9939
391,Bili,Fowley,bfowleyau@cbslocal.com,958-649-7178
392,Candi,Strode,cstrodeav@webs.com,347-221-8544
393,Vidovik,Lamden,vlamdenaw@clickbank.net,996-434-8383
394,Allard,Cowerd,acowerdax@businessinsider.com,860-855-4655
395,Ricard,Pawlick,rpawlickay@webeden.co.uk,868-217-7292
396,Sebastian,Hance,shanceaz@va.gov,478-570-8681
397,Daffie,Hercules,dherculesb0@t.co,725-477-9157
398,Doe,Moline,dmolineb1@bbc.co.uk,279-491-2983
399,Venita,Conradsen,vconradsenb2@ebay.com,669-724-9055
400,Emanuel,Paish,epaishb3@mayoclinic.com,938-220-1792
401,Elmer,Steven,estevenb4@sun.com,216-466-9227
402,Thornton,Gullivent,tgulliventb5@clickbank.net,724-719-4537
403,Hasty,Cambden,hcambdenb6@sbwire.com,404-110-7761
404,Dougy,Giacobo,dgiacobob7@smh.com.au,569-989-5958
405,Ernestine,Vaillant,evaillantb8@arizona.edu,791-329-4320
406,Aguie,Pawnsford,apawnsfordb9@amazon.com,682-864-1548
407,Amii,Frome,afromeba@plala.or.jp,763-329-4270
408,Dolores,Dykes,ddykesbb@discovery.com,721-423-1072
409,Emmye,Mazzilli,emazzillibc@prlog.org,209-756-6217
410,Panchito,Diperaus,pdiperausbd@cafepress.com,597-969-8271
411,Fiorenze,Cremin,fcreminbe@disqus.com,540-914-7196
412,Stanford,Garmston,sgarmstonbf@dyndns.org,975-522-1340
413,Cosme,Bernath,cbernathbg@stumbleupon.com,710-305-6878
414,Gabriello,Button,gbuttonbh@sina.com.cn,442-590-9014
415,Damian,Berrigan,dberriganbi@trellian.com,793-222-4452
416,Lynde,Glander,lglanderbj@shinystat.com,938-209-1868
417,Barnett,Lodeke,blodekebk@amazon.de,872-902-6824
418,Melina,Spens,mspensbl@xinhuanet.com,836-533-3440
419,Gretchen,Shackell,gshackellbm@google.ca,847-742-1725
420,Charyl,Millin,cmillinbn@opensource.org,835-923-6314
421,Ilyse,Norman,inormanbo@bigcartel.com,604-590-0037
422,Matias,Owen,mowenbp@engadget.com,387-140-8241
423,Annabelle,Tysall,atysallbq@woothemes.com,542-342-5941
424,Laetitia,Reinmar,lreinmarbr@adobe.com,304-576-4938
425,Christos,Tremollet,ctremolletbs@wikia.com,501-321-3928
426,Astrix,Dayes,adayesbt@i2i.jp,904-351-1239
427,Matthew,Sergeaunt,msergeauntbu@whitehouse.gov,766-581-7064
428,Carroll,Nelsey,cnelseybv@odnoklassniki.ru,356-219-5285
429,Dorene,Hostan,dhostanbw@odnoklassniki.ru,984-427-4790
430,Damon,Balham,dbalhambx@yolasite.com,187-254-8050
431,Alejandro,Caskey,acaskeyby@plala.or.jp,279-743-6397
432,Rodolphe,Whithorn,rwhithornbz@furl.net,436-270-9513
433,Denny,Abbatini,dabbatinic0@wufoo.com,258-219-6918
434,Remington,Koeppe,rkoeppec1@hexun.com,107-688-5968
435,Peri,Clell,pclellc2@java.com,884-805-6944
436,Luella,Stivani,lstivanic3@angelfire.com,887-926-3389
437,Trix,Checo,tchecoc4@theglobeandmail.com,985-588-3208
438,Marian,Bowe,mbowec5@blog.com,598-473-3336
439,Dee dee,Reeday,dreedayc6@wix.com,106-863-0801
440,Candice,Hatter,chatterc7@photobucket.com,124-700-2750
441,Waverley,Dyos,wdyosc8@disqus.com,456-694-8220
442,Sabina,Caulcott,scaulcottc9@go.com,860-755-7742
443,Ema,Sawyers,esawyersca@sourceforge.net,319-915-0082
444,Remy,Ginner,rginnercb@over-blog.com,706-199-5890
445,Myrah,Mussolini,mmussolinicc@tumblr.com,816-622-2381
446,Anderson,Quince,aquincecd@yahoo.co.jp,720-404-7852
447,Paxon,Braybrooks,pbraybrooksce@cloudflare.com,660-694-9689
448,Levin,Cicculini,lcicculinicf@goo.ne.jp,451-638-9810
449,Orelie,Janecek,ojanecekcg@artisteer.com,192-208-0677
450,Phillipe,Harfleet,pharfleetch@tiny.cc,168-582-4671
451,Dix,Bilfoot,dbilfootci@businessinsider.com,662-531-9279
452,Dene,Hailston,dhailstoncj@adobe.com,984-168-6144
453,Veronika,Gaitone,vgaitoneck@gmpg.org,400-870-5104
454,Flory,Sayes,fsayescl@economist.com,152-927-8809
455,Dulcy,Cashmore,dcashmorecm@wunderground.com,171-539-8057
456,Margaretha,Innerstone,minnerstonecn@plala.or.jp,305-273-0015
457,Sile,Blaiklock,sblaiklockco@paypal.com,232-840-2480
458,Wilbur,Ruffy,wruffycp@unesco.org,657-119-5031
459,Darren,Klosterman,dklostermancq@bizjournals.com,764-370-6864
460,Cathlene,McLewd,cmclewdcr@printfriendly.com,675-172-3355
461,Elnar,Ellerman,eellermancs@tmall.com,559-508-4767
462,Denna,Ceresa,dceresact@163.com,386-319-5762
463,Farlee,Phayre,fphayrecu@patch.com,898-396-8770
464,Britta,Brewett,bbrewettcv@time.com,487-815-6972
465,Gilberta,Fittes,gfittescw@hatena.ne.jp,284-249-8548
466,Willy,Weeke,wweekecx@spotify.com,951-301-7027
467,Felipe,Rickersey,frickerseycy@cam.ac.uk,135-560-6363
468,Evy,Stearn,estearncz@bloglines.com,790-441-0478
469,Sarina,Woodall,swoodalld0@wunderground.com,545-806-2453
470,Rhys,Denk,rdenkd1@ehow.com,786-977-1540
471,Karylin,Shulver,kshulverd2@about.com,167-883-3429
472,Shaun,Chasmar,schasmard3@aol.com,123-352-0207
473,Margette,Lackham,mlackhamd4@twitpic.com,386-348-4566
474,Nathalia,Espino,nespinod5@alibaba.com,597-998-1844
475,Janna,Thomazin,jthomazind6@cocolog-nifty.com,423-167-0964
476,Lynde,Dy,ldyd7@macromedia.com,400-673-2997
477,Gregg,Fransewich,gfransewichd8@smugmug.com,777-155-4010
478,Clerc,Bernardot,cbernardotd9@ask.com,196-773-1167
479,Brunhilda,Browncey,bbrownceyda@pagesperso-orange.fr,928-317-7375
480,Grethel,Ions,gionsdb@topsy.com,461-765-4120
481,Jennee,Macro,jmacrodc@mozilla.org,407-618-0788
482,Vi,Camber,vcamberdd@intel.com,421-247-4900
483,Aleksandr,Burdett,aburdettde@salon.com,435-674-8295
484,Phillipp,Puddicombe,ppuddicombedf@bizjournals.com,738-316-5133
485,Riki,Seneschal,rseneschaldg@networkadvertising.org,962-802-0572
486,Cheston,Nangle,cnangledh@e-recht24.de,610-269-4279
487,Dew,Willmetts,dwillmettsdi@harvard.edu,436-625-3193
488,Hayley,Madsen,hmadsendj@sakura.ne.jp,595-988-1594
489,Milo,Fullman,mfullmandk@uiuc.edu,549-884-2640
490,Teirtza,Garrold,tgarrolddl@berkeley.edu,851-622-9400
491,Kitty,Broker,kbrokerdm@shareasale.com,361-783-0673
492,Glad,Lyall,glyalldn@apple.com,826-118-1138
493,Mahalia,Hankins,mhankinsdo@hubpages.com,575-406-8060
494,Gordan,Liddel,gliddeldp@nature.com,548-650-1512
495,Celestyn,Stear,csteardq@europa.eu,411-904-2718
496,Zebadiah,Fane,zfanedr@ucsd.edu,599-934-3337
497,Rodrick,Saylor,rsaylords@comcast.net,631-536-8014
498,Annaliese,Campelli,acampellidt@biblegateway.com,948-570-2332
499,Ronnie,Salle,rsalledu@apple.com,340-131-6815
500,Maximilien,Kunkel,mkunkeldv@umn.edu,923-977-0252
501,Ruby,Busk,rbuskdw@a8.net,987-929-6429
502,Gwenny,Scothron,gscothrondx@bloomberg.com,838-355-7895
503,Thomasa,Boteman,tbotemandy@creativecommons.org,640-965-2673
504,Clarice,Sotworth,csotworthdz@ameblo.jp,524-534-8923
505,Catharina,Menure,cmenuree0@soundcloud.com,491-597-1609
506,Kelli,Bonnaire,kbonnairee1@dailymotion.com,801-998-7097
507,Lilas,Lamming,llamminge2@google.it,783-986-6720
508,Mohandas,Poundford,mpoundforde3@t-online.de,105-593-4812
509,Antonina,Rosenau,arosenaue4@xinhuanet.com,415-215-4375
510,Kenn,Laver,klavere5@ehow.com,481-170-0018
511,Daryl,Mingay,dmingaye6@cdc.gov,760-541-0625
512,Amerigo,Stainbridge,astainbridgee7@ow.ly,681-248-6164
513,Francisca,Gernier,fgerniere8@umich.edu,163-858-3544
514,Althea,Vanichkov,avanichkove9@artisteer.com,486-612-5359
515,Riane,Fazakerley,rfazakerleyea@tumblr.com,238-646-9594
516,Merilyn,Castanyer,mcastanyereb@apple.com,980-897-3714
517,Rickey,Jirzik,rjirzikec@arizona.edu,251-950-9690
518,Daryle,Cattroll,dcattrolled@japanpost.jp,172-828-3807
519,Sascha,Niesel,snieselee@squidoo.com,721-169-0923
520,Sheelah,Hartshorn,shartshornef@mapquest.com,310-720-4202
521,Jessalin,Ewan,jewaneg@theguardian.com,580-104-9429
522,Torrie,Pacher,tpachereh@nba.com,377-344-3368
523,Nyssa,Sparling,nsparlingei@netscape.com,830-730-9736
524,Amelita,Gilchrest,agilchrestej@github.com,997-906-5372
525,Letta,Gyer,lgyerek@cnn.com,269-111-2359
526,Ferdie,Liversage,fliversageel@answers.com,563-300-9847
527,Ranice,Pauler,rpaulerem@yahoo.com,760-168-1778
528,Crissie,Hirthe,chirtheen@e-recht24.de,125-330-5440
529,Edvard,Bellringer,ebellringereo@hhs.gov,984-824-6297
530,Matthieu,Exley,mexleyep@reference.com,681-633-1233
531,Rogerio,Lubman,rlubmaneq@pcworld.com,413-261-1106
532,Mirabelle,Hendrik,mhendriker@cpanel.net,352-328-8457
533,Dietrich,Clynter,dclynteres@simplemachines.org,978-482-0156
534,Tynan,Rarity,trarityet@posterous.com,412-747-0367
535,Arlyn,Grayne,agrayneeu@technorati.com,689-219-1126
536,Fawn,Joliffe,fjoliffeev@fda.gov,245-575-4407
537,Kikelia,Warton,kwartonew@plala.or.jp,452-390-4944
538,Blanche,Le Ball,bleballex@wordpress.com,193-670-7923
539,Rae,Christal,rchristaley@chronoengine.com,724-319-3102
540,Emmalynne,Bothen,ebothenez@domainmarket.com,103-960-9190
541,Monika,Facchini,mfacchinif0@artisteer.com,577-731-2746
542,Remy,Balkwill,rbalkwillf1@geocities.jp,424-673-9396
543,Amberly,Lessmare,alessmaref2@nifty.com,583-907-6045
544,Todd,Chaves,tchavesf3@so-net.ne.jp,722-960-4706
545,Jabez,Kryska,jkryskaf4@goo.ne.jp,631-775-4219
546,Lucille,Raecroft,lraecroftf5@shutterfly.com,716-656-7920
547,Amil,Pybus,apybusf6@slideshare.net,150-746-3958
548,Larina,Salliss,lsallissf7@yellowbook.com,745-301-0937
549,Manfred,Kittiman,mkittimanf8@furl.net,891-908-6634
550,Willard,Ingrem,wingremf9@wix.com,137-743-7608
551,Armstrong,Petegree,apetegreefa@exblog.jp,765-319-8290
552,Selina,Wear,swearfb@fda.gov,917-773-8668
553,Carmine,Soltan,csoltanfc@people.com.cn,239-788-2680
554,Arnoldo,Ambrogioli,aambrogiolifd@about.me,629-204-1599
555,Odey,Nutter,onutterfe@about.me,334-899-4216
556,Zebulen,Meth,zmethff@ucoz.ru,498-556-3467
557,Kareem,Reaper,kreaperfg@netlog.com,165-882-1181
558,Garfield,Midden,gmiddenfh@amazon.com,372-815-7231
559,Frank,Pelos,fpelosfi@who.int,214-754-5938
560,Christan,Clemmen,cclemmenfj@scientificamerican.com,671-657-7879
561,Magdalene,Kiehne,mkiehnefk@google.co.uk,234-456-3509
562,Jasmin,Kidson,jkidsonfl@sina.com.cn,697-116-0129
563,Jania,Crepin,jcrepinfm@cnet.com,645-415-7539
564,Paulie,Melladew,pmelladewfn@i2i.jp,100-700-8620
565,Sandor,Charlotte,scharlottefo@hubpages.com,308-305-5873
566,Mellisa,McWilliam,mmcwilliamfp@oracle.com,134-258-1345
567,Stephani,Collier,scollierfq@ebay.com,722-117-9030
568,Ody,Collman,ocollmanfr@bizjournals.com,914-202-9686
569,Trefor,Parlott,tparlottfs@dagondesign.com,313-682-9083
570,Dorthy,Jackalin,djackalinft@tiny.cc,942-280-7646
571,Clem,O'Day,codayfu@chronoengine.com,787-534-3834
572,Thomasina,Kytley,tkytleyfv@blogs.com,392-289-2758
573,Rubia,Dionsetti,rdionsettifw@weibo.com,105-598-7682
574,Drud,Gress,dgressfx@jalbum.net,358-860-5330
575,Inna,Ibbitt,iibbittfy@cargocollective.com,193-758-1640
576,Pate,Culleton,pculletonfz@google.cn,734-115-6193
577,Dominique,Stening,dsteningg0@arizona.edu,678-382-9710
578,Uriel,Ashworth,uashworthg1@eventbrite.com,322-634-5557
579,Ellery,Lawerence,elawerenceg2@ow.ly,630-262-2050
580,Iago,Kidston,ikidstong3@dell.com,336-937-4562
581,Rustie,Barnsdall,rbarnsdallg4@soup.io,425-388-5043
582,August,Pechan,apechang5@boston.com,612-386-8901
583,Selby,Ellph,sellphg6@stumbleupon.com,560-889-3388
584,Heinrick,McArte,hmcarteg7@economist.com,269-605-5115
585,Ray,Durnell,rdurnellg8@fastcompany.com,354-808-8957
586,Chaunce,Euesden,ceuesdeng9@g.co,800-424-8758
587,Mitchel,Dacre,mdacrega@photobucket.com,660-802-1019
588,Zacharias,Eltun,zeltungb@ihg.com,447-990-0333
589,Jeralee,Cayford,jcayfordgc@dion.ne.jp,656-200-4085
590,Spenser,Woodfin,swoodfingd@europa.eu,465-573-6896
591,Leena,Gennrich,lgennrichge@ft.com,300-835-8751
592,Gerald,Como,gcomogf@pinterest.com,425-595-9145
593,Alisa,Farnfield,afarnfieldgg@tinypic.com,861-445-7491
594,Sula,How,showgh@prnewswire.com,411-978-2178
595,Merry,Pybus,mpybusgi@oaic.gov.au,676-102-2311
596,Karol,Dusey,kduseygj@sina.com.cn,763-449-9396
597,Graham,Comini,gcominigk@imdb.com,288-702-9361
598,Klemens,Wyvill,kwyvillgl@lycos.com,375-210-8713
599,Traci,Broxap,tbroxapgm@nps.gov,647-531-8360
600,Amandie,Covendon,acovendongn@youtube.com,771-227-1342
601,Daisie,Canwell,dcanwellgo@pcworld.com,816-959-2891
602,Ulrich,Renihan,urenihangp@naver.com,385-970-8492
603,Ingemar,Marieton,imarietongq@symantec.com,279-312-2771
604,Ali,Abella,aabellagr@qq.com,539-620-0604
605,Rici,Cove,rcovegs@tmall.com,241-766-0094
606,Harman,Harrismith,hharrismithgt@loc.gov,778-447-3998
607,Allin,Tomashov,atomashovgu@unicef.org,943-598-5709
608,Ky,Tacon,ktacongv@w3.org,527-657-6060
609,Dave,Carah,dcarahgw@stumbleupon.com,356-193-8664
610,Bride,Pagden,bpagdengx@discuz.net,838-290-4211
611,Yves,Baudasso,ybaudassogy@cargocollective.com,508-794-9233
612,Patti,Devanney,pdevanneygz@goo.gl,620-956-5063
613,Judah,Hughlock,jhughlockh0@army.mil,240-548-6080
614,Christel,Arlidge,carlidgeh1@craigslist.org,616-615-4978
615,Jamima,O'Henery,joheneryh2@nytimes.com,891-854-5367
616,Sophi,Benettini,sbenettinih3@springer.com,344-125-6299
617,Mallissa,Mc Carrick,mmccarrickh4@nasa.gov,648-959-1443
618,Leticia,Joslyn,ljoslynh5@unc.edu,757-145-6589
619,Shirl,Coneron,sconeronh6@disqus.com,670-661-2030
620,Virge,Ferrai,vferraih7@cnn.com,503-324-2147
621,Murray,Dewerson,mdewersonh8@bloglovin.com,260-350-7545
622,Marney,Milton-White,mmiltonwhiteh9@utexas.edu,868-552-6529
623,Kile,Cobb,kcobbha@mit.edu,365-610-1243
624,Norbert,Piquard,npiquardhb@fc2.com,509-816-8989
625,Mic,Rawsthorne,mrawsthornehc@bandcamp.com,406-640-4688
626,Gregoor,Koeppke,gkoeppkehd@myspace.com,966-619-8981
627,Francisca,Mauditt,fmauditthe@ca.gov,599-418-6865
628,Vikky,Gryglewski,vgryglewskihf@taobao.com,693-476-5880
629,Cyrille,Treves,ctreveshg@redcross.org,404-677-1746
630,Orion,Teather,oteatherhh@ehow.com,194-451-1447
631,Noami,Dunphy,ndunphyhi@nyu.edu,615-948-1851
632,Annette,Bescoby,abescobyhj@sina.com.cn,948-193-5998
633,Richie,Gorelli,rgorellihk@bbb.org,552-127-9054
634,Ashla,Huton,ahutonhl@google.com.br,947-937-6882
635,Franky,Arch,farchhm@aboutads.info,612-847-1338
636,Jamey,McCloud,jmccloudhn@multiply.com,228-757-0884
637,Corny,Landa,clandaho@paginegialle.it,120-960-4149
638,Mallory,Levesley,mlevesleyhp@freewebs.com,735-865-3090
639,Sanford,Kibbey,skibbeyhq@privacy.gov.au,806-616-0210
640,Briano,Sandbrook,bsandbrookhr@shop-pro.jp,264-556-7074
641,Uri,Bater,ubaterhs@wired.com,130-430-7223
642,Calley,Holmyard,cholmyardht@dyndns.org,289-462-9389
643,Hilly,Briiginshaw,hbriiginshawhu@omniture.com,989-726-5751
644,Joshia,Barnbrook,jbarnbrookhv@hexun.com,347-620-8268
645,Athene,Poulsom,apoulsomhw@macromedia.com,446-770-3455
646,Michale,Petofi,mpetofihx@fastcompany.com,248-658-3105
647,Uriel,Gilliland,ugillilandhy@state.gov,129-382-8358
648,Gordy,Hanaford,ghanafordhz@delicious.com,801-369-6932
649,Hana,Hargate,hhargatei0@google.it,489-645-9981
650,Hakeem,Retter,hretteri1@wunderground.com,119-682-0932
651,Curt,Emmitt,cemmitti2@skyrock.com,190-542-9554
652,Enrika,Millichap,emillichapi3@wired.com,590-500-9530
653,Lydie,Hemms,lhemmsi4@fc2.com,372-549-3909
654,Rozina,McShea,rmcsheai5@mlb.com,802-537-2087
655,Lesly,Khotler,lkhotleri6@a8.net,385-748-4649
656,Trstram,Balsellie,tbalselliei7@homestead.com,889-476-7037
657,Lianna,Lauderdale,llauderdalei8@tmall.com,869-100-7476
658,Tiler,Ackrill,tackrilli9@moonfruit.com,178-675-2578
659,Petunia,Lemanu,plemanuia@usda.gov,864-965-9584
660,Jephthah,Jeffray,jjeffrayib@mit.edu,318-115-2601
661,Pier,Albasini,palbasiniic@tripod.com,811-490-2205
662,Wilmar,Byatt,wbyattid@webnode.com,173-386-9323
663,Kippy,Erb,kerbie@psu.edu,722-843-8198
664,Regine,Dreghorn,rdreghornif@cnn.com,565-146-3627
665,Sella,Bravery,sbraveryig@chron.com,806-748-8183
666,Rowland,Barlie,rbarlieih@deliciousdays.com,528-860-8629
667,Rosamond,Bauldrey,rbauldreyii@lulu.com,399-795-8789
668,Maurine,Shorie,mshorieij@pinterest.com,690-763-8582
669,Helsa,McCrohon,hmccrohonik@histats.com,221-116-9943
670,Grethel,Pettitt,gpettittil@tiny.cc,917-810-5599
671,Roxie,Tellenbach,rtellenbachim@addtoany.com,197-454-2713
672,Krissy,Keynes,kkeynesin@hexun.com,341-861-3551
673,Dulcia,Wince,dwinceio@list-manage.com,159-564-3132
674,Brigitta,Filipiak,bfilipiakip@pen.io,675-564-1416
675,Constancia,Caff,ccaffiq@ustream.tv,861-517-5024
676,Lynnet,Leftly,lleftlyir@goodreads.com,658-568-5976
677,Catarina,Bezants,cbezantsis@globo.com,720-766-3083
678,Maia,Raeburn,mraeburnit@prweb.com,398-304-1171
679,Alli,Paine,apaineiu@blogger.com,139-284-0470
680,Ally,Bosden,abosdeniv@deliciousdays.com,450-265-0737
681,Ludovika,Bozier,lbozieriw@a8.net,158-339-5047
682,Billye,Lapping,blappingix@oracle.com,801-896-3363
683,Blisse,Attenborough,battenboroughiy@purevolume.com,642-252-9628
684,Frankie,Wiggington,fwiggingtoniz@ovh.net,875-559-2831
685,Guthry,Wiggin,gwigginj0@sphinn.com,111-781-9241
686,Thorsten,Henrot,thenrotj1@foxnews.com,914-828-8032
687,Rikki,McKeeman,rmckeemanj2@networksolutions.com,631-454-3064
688,Manon,Waye,mwayej3@wp.com,609-799-0277
689,Hew,Albion,halbionj4@pen.io,562-744-4458
690,Francisca,Lies,fliesj5@51.la,736-732-8810
691,Lucais,Spofford,lspoffordj6@hao123.com,924-812-7550
692,Felice,Renton,frentonj7@bing.com,216-675-3991
693,Arleyne,Scrowson,ascrowsonj8@behance.net,819-849-3268
694,Clementius,Wilson,cwilsonj9@ftc.gov,772-351-5597
695,Hiram,Lindwasser,hlindwasserja@discuz.net,629-689-5480
696,Valaria,Stanyan,vstanyanjb@cmu.edu,446-534-3078
697,Tonya,Vinker,tvinkerjc@epa.gov,786-568-3606
698,Natala,Pallin,npallinjd@seattletimes.com,178-711-4071
699,Claudetta,Neighbour,cneighbourje@a8.net,790-182-1836
700,Arri,Menel,ameneljf@google.ru,122-916-0376
701,Mikey,Burchett,mburchettjg@unicef.org,281-219-6974
702,Charleen,Beaney,cbeaneyjh@fastcompany.com,208-727-0315
703,Sella,Arnolds,sarnoldsji@ameblo.jp,817-252-3110
704,Katharina,Partleton,kpartletonjj@typepad.com,144-800-3685
705,Isabel,Labin,ilabinjk@blogtalkradio.com,909-758-7826
706,Zenia,D'Ambrogio,zdambrogiojl@google.cn,271-479-2403
707,Joanie,Haslock(e),jhaslockejm@ocn.ne.jp,671-233-5582
708,Cammy,Glason,cglasonjn@skyrock.com,432-789-8736
709,Shaughn,Massot,smassotjo@dailymail.co.uk,206-302-8612
710,Brigit,Batteson,bbattesonjp@ft.com,994-245-6945
711,Samuele,Bowkley,sbowkleyjq@miibeian.gov.cn,522-479-8886
712,Melina,Francklyn,mfrancklynjr@discovery.com,416-432-1910
713,Ollie,Cereceres,ocereceresjs@patch.com,192-265-4469
714,Sayres,Gery,sgeryjt@opera.com,873-434-0638
715,Giffard,Brigman,gbrigmanju@quantcast.com,166-349-3751
716,Art,Cabel,acabeljv@comcast.net,810-176-4850
717,Earle,Barlass,ebarlassjw@hhs.gov,211-292-4843
718,Eachelle,O'Hear,eohearjx@issuu.com,602-518-7865
719,Rustie,Sheards,rsheardsjy@vk.com,626-483-4724
720,Junia,Crombleholme,jcrombleholmejz@rakuten.co.jp,840-528-5640
721,Engracia,Bonnyson,ebonnysonk0@eepurl.com,903-989-4389
722,Marion,Claessens,mclaessensk1@vinaora.com,564-664-3900
723,Nina,Light,nlightk2@etsy.com,852-417-4200
724,Barrie,Burnip,bburnipk3@springer.com,791-500-7509
725,Dominique,Ferrini,dferrinik4@4shared.com,277-839-0808
726,Bayard,Preuvost,bpreuvostk5@businesswire.com,214-163-0503
727,Carrie,Lightbown,clightbownk6@rambler.ru,822-817-2763
728,Jaimie,Santacrole,jsantacrolek7@youku.com,440-266-8190
729,Oates,Skermer,oskermerk8@smh.com.au,542-512-1667
730,Beryle,Linford,blinfordk9@discuz.net,417-213-7037
731,Brandea,MacBean,bmacbeanka@sina.com.cn,230-147-2444
732,Urbano,Vawton,uvawtonkb@admin.ch,230-579-0825
733,Stavro,De'Vere - Hunt,sdeverehuntkc@sohu.com,801-216-2120
734,Martyn,Fennelly,mfennellykd@disqus.com,547-275-5995
735,Nessie,Garvie,ngarvieke@uol.com.br,475-889-2778
736,Mortimer,Gabites,mgabiteskf@google.com,745-537-3892
737,Jacklin,Whicher,jwhicherkg@amazon.de,144-784-0369
738,Doy,Goburn,dgoburnkh@nationalgeographic.com,679-815-8389
739,Andreas,Bows,abowski@nytimes.com,573-807-1613
740,Josey,Fairlem,jfairlemkj@globo.com,626-228-0742
741,Jefferson,Grass,jgrasskk@army.mil,475-983-9071
742,Natassia,Helder,nhelderkl@wordpress.org,193-204-7205
743,Madeleine,Dallan,mdallankm@pen.io,962-263-9211
744,Ryan,Tomkiss,rtomkisskn@163.com,113-992-1983
745,Lona,d' Elboux,ldelbouxko@devhub.com,602-741-3922
746,Kriste,Geater,kgeaterkp@ox.ac.uk,580-293-4070
747,Twyla,McCord,tmccordkq@lulu.com,173-160-9918
748,Lynea,Kennagh,lkennaghkr@weibo.com,322-666-1498
749,Marge,Espadate,mespadateks@wikispaces.com,210-356-3761
750,Geoffry,Burgoyne,gburgoynekt@squidoo.com,763-822-4121
751,Ikey,Kneller,iknellerku@list-manage.com,125-321-6161
752,Berke,Broadhead,bbroadheadkv@forbes.com,245-217-7334
753,Fayette,Rugge,fruggekw@noaa.gov,309-251-6404
754,Boyd,Brighouse,bbrighousekx@newsvine.com,849-828-9787
755,Alameda,Antonioni,aantonioniky@sogou.com,979-619-5569
756,Rock,Molineaux,rmolineauxkz@shutterfly.com,865-957-1513
757,Bartie,Keeler,bkeelerl0@alibaba.com,792-891-7525
758,May,Coverley,mcoverleyl1@usgs.gov,293-887-8236
759,Bethany,Parlatt,bparlattl2@tamu.edu,130-130-0276
760,Conny,Filipovic,cfilipovicl3@time.com,587-421-2102
761,Gordie,Arias,gariasl4@oaic.gov.au,300-390-4210
762,Krishna,Alger,kalgerl5@answers.com,969-796-7766
763,Maxy,Pharaoh,mpharaohl6@google.co.uk,851-728-2109
764,Matt,Rabbage,mrabbagel7@spiegel.de,228-824-8223
765,Corena,Lanphier,clanphierl8@princeton.edu,760-794-7288
766,Eustace,Caswall,ecaswalll9@about.me,995-463-5143
767,Nan,Grigoire,ngrigoirela@yahoo.co.jp,106-377-4189
768,Kelcie,Clowser,kclowserlb@imdb.com,793-307-0330
769,Daryl,Crudge,dcrudgelc@redcross.org,647-623-3293
770,Jan,Penton,jpentonld@icq.com,197-532-0988
771,Farlee,Kobelt,fkobeltle@nationalgeographic.com,225-748-7879
772,Rene,Walker,rwalkerlf@theguardian.com,994-134-6934
773,Colman,Gosson,cgossonlg@accuweather.com,395-639-8706
774,Johnathan,Gaunt,jgauntlh@desdev.cn,100-963-8470
775,Whitney,Whiteland,wwhitelandli@senate.gov,382-452-0931
776,Andy,Tunna,atunnalj@google.ca,433-895-8138
777,Maxim,Labusquiere,mlabusquierelk@tmall.com,997-778-8240
778,Glynn,Pensom,gpensomll@icq.com,116-516-3309
779,Viv,Tomaskov,vtomaskovlm@wufoo.com,561-924-6822
780,Lucina,Rees,lreesln@bloomberg.com,255-118-8458
781,Nikkie,Rollitt,nrollittlo@mlb.com,211-254-0882
782,Rebecca,Jerrold,rjerroldlp@google.cn,965-323-3575
783,Emmett,Douthwaite,edouthwaitelq@gizmodo.com,128-749-7039
784,Marian,Heugel,mheugellr@mediafire.com,434-945-4863
785,Adel,Sears,asearsls@umich.edu,799-412-1286
786,Erina,Bullant,ebullantlt@noaa.gov,757-388-3304
787,Charmaine,Cockayme,ccockaymelu@google.co.uk,355-381-8190
788,Brennan,Shilleto,bshilletolv@pagesperso-orange.fr,196-783-1223
789,Kimberlyn,Whittenbury,kwhittenburylw@reference.com,343-762-4788
790,Filide,Ygo,fygolx@unicef.org,333-128-0900
791,Trstram,Palfery,tpalferyly@washingtonpost.com,529-908-2872
792,Viv,Keetley,vkeetleylz@usda.gov,590-741-5466
793,Koralle,Phetteplace,kphetteplacem0@last.fm,725-572-5058
794,Jerrie,Rolse,jrolsem1@bloglovin.com,784-334-7934
795,Xaviera,Stratten,xstrattenm2@cdc.gov,156-129-0879
796,Dwayne,Maydway,dmaydwaym3@samsung.com,152-732-4308
797,Vic,Purver,vpurverm4@typepad.com,592-485-2143
798,Ketty,Muldrew,kmuldrewm5@blinklist.com,554-597-3539
799,Dennis,Lodwig,dlodwigm6@symantec.com,513-581-9837
800,Sella,Notman,snotmanm7@prlog.org,160-556-7167
801,Marlie,Brampton,mbramptonm8@utexas.edu,889-259-5314
802,Beckie,Euels,beuelsm9@mysql.com,566-140-3018
803,Cherida,Bamford,cbamfordma@guardian.co.uk,735-128-7874
804,Mendy,Anthonsen,manthonsenmb@webnode.com,202-556-0833
805,Shadow,McLeish,smcleishmc@cyberchimps.com,796-901-2686
806,Raymund,Stanlike,rstanlikemd@comcast.net,671-710-2167
807,Atlanta,Dechelle,adechelleme@slashdot.org,308-828-8174
808,Vittorio,Statham,vstathammf@ihg.com,352-953-0044
809,Germain,Eveling,gevelingmg@google.com.br,602-450-3506
810,Henderson,Donaway,hdonawaymh@theatlantic.com,585-875-3876
811,Marieann,Storres,mstorresmi@amazon.co.jp,109-574-2993
812,Annette,Wartnaby,awartnabymj@answers.com,841-357-5967
813,Cal,Sleith,csleithmk@ucoz.ru,612-641-8359
814,Vanni,Emnoney,vemnoneyml@slideshare.net,758-327-2804
815,Tracy,Windybank,twindybankmm@unblog.fr,905-559-5910
816,Marcellina,Sangwin,msangwinmn@mapy.cz,221-200-6571
817,Jay,Bullcock,jbullcockmo@zdnet.com,876-314-2402
818,Mireille,Bandt,mbandtmp@answers.com,852-875-9025
819,Katharine,Detoile,kdetoilemq@instagram.com,102-534-4276
820,Bo,Kennedy,bkennedymr@abc.net.au,726-479-6906
821,Marlee,Rattry,mrattryms@zdnet.com,295-755-7581
822,Fania,Stellman,fstellmanmt@answers.com,764-428-8237
823,Korney,Compford,kcompfordmu@cnet.com,409-313-8237
824,Merell,McCuthais,mmccuthaismv@unc.edu,174-476-2542
825,Phelia,Lavielle,plaviellemw@ted.com,865-726-6375
826,Oralee,Andrzejewski,oandrzejewskimx@forbes.com,361-904-0586
827,Stinky,Creffeild,screffeildmy@posterous.com,393-844-4352
828,Lockwood,Lomasney,llomasneymz@google.pl,570-444-3028
829,Cordy,Hews,chewsn0@timesonline.co.uk,128-732-8502
830,Reinaldos,Sillett,rsillettn1@geocities.com,156-195-0204
831,Rainer,Veck,rveckn2@bandcamp.com,287-437-6149
832,Sherie,Knifton,skniftonn3@blogspot.com,427-951-2669
833,Elayne,Poolman,epoolmann4@imgur.com,111-290-1909
834,Marketa,Pitrelli,mpitrellin5@is.gd,138-935-1395
835,Joeann,Schukert,jschukertn6@fda.gov,748-388-5125
836,Esmaria,Goede,egoeden7@is.gd,223-837-5210
837,Nicholas,Found,nfoundn8@youtu.be,383-202-5080
838,Justis,Chadwell,jchadwelln9@comcast.net,753-954-2814
839,Myrta,Hawkins,mhawkinsna@jalbum.net,163-533-5791
840,Clarey,Trillo,ctrillonb@1und1.de,687-468-7077
841,Tabbi,Wasbey,twasbeync@hugedomains.com,725-154-5226
842,Sibel,Sowman,ssowmannd@msn.com,218-285-7657
843,Ashlie,Riddell,ariddellne@cnbc.com,376-194-1101
844,Nero,Ridgedell,nridgedellnf@army.mil,530-188-1029
845,Liva,Abernethy,labernethyng@cnbc.com,490-889-3835
846,Pam,Cleatherow,pcleatherownh@topsy.com,915-268-3331
847,Noella,Geerling,ngeerlingni@adobe.com,731-949-9081
848,Madelena,Grestye,mgrestyenj@bizjournals.com,753-513-9409
849,Raymond,Tilio,rtilionk@ovh.net,978-800-4111
850,Randi,McNaught,rmcnaughtnl@cpanel.net,358-778-5895
851,Salmon,Ovitts,sovittsnm@woothemes.com,811-948-0993
852,Pail,Nisbet,pnisbetnn@google.pl,703-381-9007
853,Roxane,Sustin,rsustinno@cnbc.com,527-437-7339
854,Lucie,Steljes,lsteljesnp@fda.gov,617-404-8475
855,Jammal,Rolf,jrolfnq@ibm.com,188-795-4175
856,Bernarr,Delgardillo,bdelgardillonr@blog.com,741-728-9996
857,Filide,Fellnee,ffellneens@t-online.de,358-776-3809
858,Lura,Bootton,lboottonnt@cisco.com,866-478-6050
859,Elsbeth,Widdowes,ewiddowesnu@marriott.com,868-796-2980
860,Stafani,Wittier,swittiernv@hp.com,307-690-2037
861,Cecelia,Eke,cekenw@auda.org.au,824-533-0947
862,Eliot,Ledstone,eledstonenx@odnoklassniki.ru,202-279-6245
863,Kylila,Killough,kkilloughny@apache.org,872-572-1475
864,Woodman,Matyasik,wmatyasiknz@examiner.com,409-248-6500
865,Merna,McWhorter,mmcwhortero0@who.int,634-339-8020
866,Ingemar,Mahon,imahono1@unicef.org,232-903-3749
867,Wendeline,Mallindine,wmallindineo2@creativecommons.org,678-938-6462
868,Camile,Callaghan,ccallaghano3@ibm.com,252-533-8915
869,Lynda,Irlam,lirlamo4@eventbrite.com,547-365-6222
870,Tabbatha,Spencers,tspencerso5@blog.com,695-382-9935
871,Yale,Cameli,ycamelio6@cdbaby.com,736-588-7897
872,Steven,Solleme,ssollemeo7@bandcamp.com,517-665-9038
873,Llywellyn,Croose,lcrooseo8@cocolog-nifty.com,366-113-1454
874,Bibby,Stalley,bstalleyo9@archive.org,785-439-1017
875,Sydelle,Ferran,sferranoa@cnet.com,806-204-7750
876,Monroe,Sibun,msibunob@bloglovin.com,210-814-0182
877,Padgett,Halbeard,phalbeardoc@networkadvertising.org,929-970-6810
878,Mariellen,Gebuhr,mgebuhrod@blogtalkradio.com,534-174-9564
879,Christophorus,Petigrew,cpetigrewoe@ucla.edu,877-648-3735
880,Edi,MacLese,emacleseof@cornell.edu,170-245-0613
881,Alyosha,Boyne,aboyneog@chron.com,365-515-8123
882,Skipton,Connochie,sconnochieoh@omniture.com,849-473-0261
883,Hermia,Apedaile,hapedaileoi@ftc.gov,747-947-3333
884,Alistair,Marchello,amarchellooj@cpanel.net,407-454-6344
885,Fair,Shouler,fshoulerok@google.es,448-164-6752
886,Waylan,Empringham,wempringhamol@pinterest.com,554-415-3869
887,Dulcine,Ragbourne,dragbourneom@tamu.edu,811-304-0011
888,Abdel,Gilbertson,agilbertsonon@miitbeian.gov.cn,923-817-5070
889,Aksel,Davey,adaveyoo@samsung.com,267-952-9386
890,Rubia,Bugler,rbuglerop@auda.org.au,934-477-5619
891,Abbi,Courson,acoursonoq@amazon.de,274-172-2271
892,Marje,Dugget,mduggetor@paginegialle.it,574-363-2801
893,Ainslie,Marconi,amarconios@bravesites.com,480-538-2187
894,Dionne,Wolfendell,dwolfendellot@hexun.com,740-741-6449
895,Ferdy,Piscopello,fpiscopelloou@nbcnews.com,802-453-4833
896,Ag,Tenny,atennyov@cloudflare.com,943-850-6523
897,Sidnee,Halsall,shalsallow@flavors.me,502-744-1433
898,Miguelita,Fyndon,mfyndonox@comsenz.com,274-546-2484
899,Auroora,Van Der Weedenburg,avanderweedenburgoy@is.gd,820-332-2173
900,Ernestus,Daybell,edaybelloz@guardian.co.uk,290-240-4114
901,Cristabel,Jancey,cjanceyp0@privacy.gov.au,811-195-5839
902,Georgena,O'Siaghail,gosiaghailp1@state.gov,519-544-0921
903,Shay,Woller,swollerp2@creativecommons.org,236-993-0834
904,Janis,Dauncey,jdaunceyp3@simplemachines.org,881-330-5915
905,Agnese,Glanz,aglanzp4@about.me,866-515-0906
906,Chris,Lung,clungp5@i2i.jp,517-459-5554
907,Peterus,Seiffert,pseiffertp6@examiner.com,820-646-2086
908,Alikee,Hairon,ahaironp7@ameblo.jp,694-339-9150
909,Novelia,Stump,nstumpp8@europa.eu,723-714-9812
910,Verena,Quarton,vquartonp9@youtube.com,802-111-2354
911,Hermia,Sellek,hsellekpa@unicef.org,937-348-7627
912,Artemas,Dadge,adadgepb@pen.io,144-311-0773
913,Stephenie,Camplejohn,scamplejohnpc@ibm.com,756-340-8224
914,Inglebert,Spalton,ispaltonpd@sciencedirect.com,764-121-2472
915,Amble,Josifovic,ajosifovicpe@exblog.jp,289-138-2898
916,Dallas,Egginson,degginsonpf@dailymail.co.uk,810-588-5010
917,Cookie,Andriulis,candriulispg@icq.com,753-817-4491
918,Zach,Leatherbarrow,zleatherbarrowph@sciencedirect.com,366-743-1926
919,Ado,Dowdney,adowdneypi@163.com,216-128-3209
920,Nicholas,McDuff,nmcduffpj@upenn.edu,317-254-0228
921,King,Satterlee,ksatterleepk@berkeley.edu,217-646-3310
922,Cary,Dillingston,cdillingstonpl@furl.net,184-738-3058
923,Paco,Farman,pfarmanpm@msn.com,920-715-0094
924,Rudie,Ceschelli,rceschellipn@furl.net,234-402-5121
925,Hussein,Worsfold,hworsfoldpo@hatena.ne.jp,784-909-3706
926,Beniamino,Enderlein,benderleinpp@apache.org,360-270-7820
927,Olivette,Meany,omeanypq@diigo.com,238-539-9284
928,Janek,Dumberrill,jdumberrillpr@howstuffworks.com,529-755-9214
929,Hagen,Sabater,hsabaterps@tinypic.com,754-542-7371
930,Trip,Jodrelle,tjodrellept@angelfire.com,383-561-3056
931,Nicol,Greenhough,ngreenhoughpu@wix.com,677-184-1632
932,Luigi,Grancher,lgrancherpv@weather.com,588-582-3013
933,Mirabella,Simenet,msimenetpw@google.de,129-530-4596
934,Karin,Bryers,kbryerspx@usnews.com,262-884-7246
935,Cesaro,Michal,cmichalpy@theglobeandmail.com,165-812-4793
936,Pavla,Farryn,pfarrynpz@youku.com,430-456-1216
937,Martina,Catonnet,mcatonnetq0@alexa.com,237-703-4211
938,Rochester,De Matteis,rdematteisq1@slideshare.net,814-489-9328
939,Thibaud,Rohlf,trohlfq2@discuz.net,400-287-1565
940,Brina,Girardey,bgirardeyq3@dailymotion.com,862-160-7804
941,Genia,Riepl,grieplq4@creativecommons.org,655-684-4845
942,Freeland,Klos,fklosq5@gizmodo.com,722-979-8911
943,Marcel,Mullinger,mmullingerq6@webs.com,753-209-7582
944,Jazmin,Farryann,jfarryannq7@netvibes.com,633-177-0338
945,Jehu,Gething,jgethingq8@state.tx.us,413-153-7688
946,Andriette,Antrobus,aantrobusq9@spotify.com,746-921-5396
947,Brit,Buxam,bbuxamqa@usgs.gov,334-416-1623
948,Sigvard,Baudon,sbaudonqb@scientificamerican.com,589-430-6209
949,Rozalie,Chrstine,rchrstineqc@list-manage.com,135-208-0040
950,Reinold,Tuffield,rtuffieldqd@adobe.com,999-580-4723
951,Helga,Forlonge,hforlongeqe@smh.com.au,566-437-9737
952,Curry,Iashvili,ciashviliqf@cnn.com,395-565-1872
953,L;urette,Bonhan,lbonhanqg@instagram.com,371-195-2464
954,Amitie,Breagan,abreaganqh@state.tx.us,152-489-6083
955,Cherey,Brozsset,cbrozssetqi@dot.gov,388-132-5898
956,Gardiner,Bartles,gbartlesqj@wikipedia.org,321-816-2624
957,Terence,Strutz,tstrutzqk@people.com.cn,381-377-0650
958,Ivory,Liley,ilileyql@wsj.com,292-894-4415
959,Shaw,Hunnawill,shunnawillqm@baidu.com,742-233-3791
960,Annadiana,Dollimore,adollimoreqn@icio.us,824-771-4821
961,Alexine,Hardern,ahardernqo@whitehouse.gov,666-764-0237
962,Tamma,Leibold,tleiboldqp@ameblo.jp,436-276-9563
963,Wendy,Iddiens,widdiensqq@sciencedirect.com,788-777-3074
964,Nona,Hairsnape,nhairsnapeqr@europa.eu,821-366-6229
965,Augy,Mcasparan,amcasparanqs@ftc.gov,795-260-5000
966,Percy,Durnin,pdurninqt@amazon.com,784-796-8118
967,Ofelia,Copello,ocopelloqu@cam.ac.uk,393-100-1848
968,Nichole,Holsey,nholseyqv@bandcamp.com,285-393-4780
969,Kelsey,Oslar,koslarqw@w3.org,911-599-4751
970,Pippy,Larrington,plarringtonqx@addtoany.com,406-683-5485
971,Wilie,Lorenc,wlorencqy@bing.com,196-812-6908
972,Brianne,Whatsize,bwhatsizeqz@dell.com,717-121-9763
973,Siobhan,Cesconi,scesconir0@chron.com,257-112-0061
974,Langston,Jindracek,ljindracekr1@trellian.com,358-193-2214
975,Esma,Critoph,ecritophr2@nba.com,689-667-5892
976,Eldon,Chasteney,echasteneyr3@omniture.com,846-643-8654
977,Delano,Joscelin,djoscelinr4@cargocollective.com,202-660-4615
978,Zulema,Beaumont,zbeaumontr5@telegraph.co.uk,799-185-7218
979,Milo,Nannini,mnanninir6@dailymotion.com,401-979-1923
980,Willette,Staveley,wstaveleyr7@arizona.edu,975-357-7768
981,Zachariah,Rabl,zrablr8@imdb.com,209-187-2911
982,Leicester,Sacks,lsacksr9@webs.com,710-361-2890
983,Danica,Kinny,dkinnyra@weather.com,384-221-9604
984,Launce,Goslin,lgoslinrb@go.com,625-664-7815
985,Gwenora,Robbel,grobbelrc@joomla.org,389-875-4858
986,Roxie,Yearns,ryearnsrd@disqus.com,977-701-6315
987,Gerianne,Rannigan,granniganre@google.it,205-303-2369
988,Ellis,Alecock,ealecockrf@tuttocitta.it,241-830-6187
989,Abbe,Giovannardi,agiovannardirg@constantcontact.com,202-378-5850
990,Brock,Kira,bkirarh@example.com,714-774-7854
991,Saxe,Bentham,sbenthamri@sogou.com,346-829-6299
992,Imogen,Fairfoull,ifairfoullrj@hibu.com,657-635-6203
993,Lilli,Mungin,lmunginrk@netscape.com,983-966-8593
994,Tobin,Rocca,troccarl@soup.io,270-689-5174
995,Roland,Canning,rcanningrm@opera.com,323-579-4892
996,Fonz,Josefovic,fjosefovicrn@angelfire.com,729-174-2034
997,Ami,Siddall,asiddallro@multiply.com,491-906-7640
998,Joeann,Ternouth,jternouthrp@blogs.com,534-136-5287
999,Britte,Mohun,bmohunrq@discovery.com,620-684-8982
1000,Rubina,Arpur,rarpurrr@indiatimes.com,553-858-0033
